{
    "sprites": [
        {
            "position": {
                "x": 1046.2130126953125,
                "y": 24.614999771118164
            },
            "rotation": 0.0,
            "size": {
                "x": 105.18499755859375,
                "y": 79.93299865722656
            },
            "textureName": "spawnerIcon.png"
        },
        {
            "position": {
                "x": 845.0490112304688,
                "y": 541.5380249023438
            },
            "rotation": 0.0,
            "size": {
                "x": 207.8730010986328,
                "y": 78.73999786376953
            },
            "textureName": "XButton.png"
        },
        {
            "position": {
                "x": 921.9409790039063,
                "y": 627.6920166015625
            },
            "rotation": 0.0,
            "size": {
                "x": 202.91299438476563,
                "y": 78.73999786376953
            },
            "textureName": "AButton.png"
        }
    ]
}