{
    "color": {
        "w": 1.0,
        "x": 1.0,
        "y": 1.0,
        "z": 1.0
    },
    "decay": 1.0,
    "intensity": 1.0,
    "position": {
        "x": -9.829999923706055,
        "y": 28.1299991607666,
        "z": 0.0
    },
    "radius": 50.5099983215332
}