{
    "color": {
        "w": 1.0,
        "x": 1.0,
        "y": 1.0,
        "z": 1.0
    },
    "decay": 1.0,
    "guid": "00000000-0000-0000-0000-000000000000",
    "intensity": 0.949999988079071,
    "name": "",
    "objectType": 0,
    "parentGuid": "00000000-0000-0000-0000-000000000000",
    "position": {
        "x": 0.0,
        "y": 16.209999084472656,
        "z": 0.0
    },
    "radius": 20.0,
    "transform": {
        "rotation": {
            "w": 1.0,
            "x": 0.0,
            "y": 0.0,
            "z": 0.0
        },
        "scale": {
            "x": 1.0,
            "y": 1.0,
            "z": 1.0
        },
        "translation": {
            "x": 0.0,
            "y": 0.0,
            "z": 0.0
        }
    }
}