{
    "colorMode": 2,
    "colorVariation": 0.10000000149011612,
    "emitter": {
        "count": 0,
        "frequency": 0.5,
        "frequencyTime": 0.0,
        "transform": {
            "rotate": [
                0.0,
                0.0,
                0.0
            ],
            "scale": [
                0.1899999976158142,
                1.0,
                1.0
            ],
            "translate": [
                2.8114142417907715,
                1.5048091411590576,
                -2.2335238456726074
            ]
        }
    },
    "faces": {
        "emitNegX": true,
        "emitNegY": true,
        "emitNegZ": true,
        "emitPosX": true,
        "emitPosY": true,
        "emitPosZ": true
    },
    "name": "AttackParticle",
    "selectedColor": [
        1.0,
        1.0,
        1.0,
        1.0
    ]
}