{
    "colorMode": 2,
    "colorVariation": 0.10000000149011612,
    "emitter": {
        "count": 1,
        "frequency": 0.4000000059604645,
        "frequencyTime": 0.0833333358168602,
        "transform": {
            "rotate": [
                0.0,
                0.0,
                0.0
            ],
            "scale": [
                17.639999389648438,
                1.0,
                18.950000762939453
            ],
            "translate": [
                0.0,
                -0.5099999904632568,
                0.0
            ]
        }
    },
    "faces": {
        "emitNegX": false,
        "emitNegY": false,
        "emitNegZ": false,
        "emitPosX": false,
        "emitPosY": true,
        "emitPosZ": false
    },
    "name": "demoParticle",
    "selectedColor": [
        0.7254902124404907,
        0.34266233444213867,
        0.29161861538887024,
        1.0
    ]
}