{
    "colorMode": 2,
    "colorVariation": 0.10000000149011612,
    "emitter": {
        "count": 0,
        "frequency": 0.4000000059604645,
        "frequencyTime": 0.1666666716337204,
        "transform": {
            "rotate": [
                0.0,
                0.0,
                0.0
            ],
            "scale": [
                0.5,
                0.5,
                2.0
            ],
            "translate": [
                1.692659616470337,
                0.5460461378097534,
                -2.8490207195281982
            ]
        }
    },
    "faces": {
        "emitNegX": true,
        "emitNegY": false,
        "emitNegZ": false,
        "emitPosX": true,
        "emitPosY": true,
        "emitPosZ": false
    },
    "name": "player",
    "selectedColor": [
        0.7254902124404907,
        0.34266233444213867,
        0.29161861538887024,
        1.0
    ]
}