{
    "center": [
        0.5199999809265137,
        -0.019999999552965164,
        6.170000076293945
    ],
    "colorMode": 2,
    "colorVariation": 0.1599999964237213,
    "emitter": {
        "count": 0,
        "frequency": 0.10000000149011612,
        "frequencyTime": 0.05000000447034836,
        "transform": {
            "rotate": [
                0.0,
                4.539999961853027,
                0.0
            ],
            "scale": [
                1.6699999570846558,
                1.0,
                1.6200000047683716
            ],
            "translate": [
                0.5199999809265137,
                -0.019999999552965164,
                6.170000076293945
            ]
        }
    },
    "faces": {
        "emitNegX": true,
        "emitNegY": false,
        "emitNegZ": true,
        "emitPosX": true,
        "emitPosY": false,
        "emitPosZ": true
    },
    "name": "tornadoParticle",
    "radiusGrowthFactor": 0.06499999761581421,
    "rotateSpeed": 2.240000009536743,
    "selectedColor": [
        0.26316240429878235,
        0.5686274766921997,
        0.183967724442482,
        1.0
    ],
    "upSpeed": 1.059999942779541
}