{
    "colorMode": 2,
    "colorVariation": 0.10000000149011612,
    "emitter": {
        "count": 0,
        "frequency": 0.5,
        "frequencyTime": 0.0,
        "transform": {
            "rotate": [
                0.0,
                1.559999942779541,
                2.390000104904175
            ],
            "scale": [
                0.25,
                0.25,
                2.0799999237060547
            ],
            "translate": [
                -0.6924850940704346,
                0.07903623580932617,
                -15.800000190734863
            ]
        }
    },
    "faces": {
        "emitNegX": true,
        "emitNegY": true,
        "emitNegZ": true,
        "emitPosX": true,
        "emitPosY": true,
        "emitPosZ": true
    },
    "name": "TrailParticle",
    "selectedColor": [
        0.720588207244873,
        0.09183968603610992,
        0.09183968603610992,
        1.0
    ]
}