{
    "debugObject": {
        "Rotate": {
            "x": 0.0,
            "y": 0.0,
            "z": 0.0
        },
        "Scale": {
            "x": 1.0,
            "y": 1.0,
            "z": 1.0
        },
        "Translate": {
            "x": 5.760000228881836,
            "y": 0.0,
            "z": -3.380000114440918
        }
    }
}