{
    "debugObject": {
        "Rotate": {
            "x": 0.0,
            "y": 0.0,
            "z": 0.0
        },
        "Scale": {
            "x": 1.0,
            "y": 1.0,
            "z": 1.0
        },
        "Translate": {
            "x": -0.009999999776482582,
            "y": 0.0,
            "z": -4.820000171661377
        }
    }
}