{
    "color": {
        "w": 1.0,
        "x": 1.0,
        "y": 1.0,
        "z": 1.0
    },
    "decay": 1.0,
    "intensity": 1.0,
    "position": {
        "x": -4.1620001792907715,
        "y": 4.6529998779296875,
        "z": 6.327000141143799
    },
    "radius": 20.0,
    "sceneName": ""
}