{
    "color": {
        "w": 1.0,
        "x": 0.0,
        "y": 1.0,
        "z": 1.0
    },
    "decay": 1.0,
    "intensity": 0.25,
    "position": {
        "x": -4.1620001792907715,
        "y": 7.552999973297119,
        "z": -3.372941732406616
    },
    "radius": 20.0,
    "sceneName": ""
}