{
    "Player": {
        "Scale": {
            "x": 1.0,
            "y": 1.0,
            "z": 1.0
        },
        "Rotate": {
            "x": 0.0,
            "y": 0.0,
            "z": 0.0
        },
        "Translate": {
            "x": 0.029999999329447746,
            "y": 0.0,
            "z": -15.0600004196167
        }
    }
}