{
    "Player": {
        "ColliderSize": {
            "x": 1.2400000095367432,
            "y": 3.700000047683716,
            "z": 1.1100000143051147
        }
    }
}