{
    "ColliderSize": {
        "x": 1.909999966621399,
        "y": 1.6699999570846558,
        "z": 1.4600000381469727
    }
}