{
    "ColliderSize": {
        "x": 1.149999976158142,
        "y": 1.7599999904632568,
        "z": 0.6000000238418579
    }
}