{
    "player": {
        "Rotate": {
            "x": 0.0,
            "y": 0.0,
            "z": 0.0
        },
        "Scale": {
            "x": 1.0,
            "y": 1.0,
            "z": 1.0
        },
        "Translate": {
            "x": 3.390000104904175,
            "y": 0.0,
            "z": -7.900000095367432
        }
    },
    "playerWeapon": {
        "Rotate": {
            "x": 0.0,
            "y": 0.0,
            "z": 0.0
        },
        "Scale": {
            "x": 1.0,
            "y": 0.550000011920929,
            "z": 1.0
        },
        "Translate": {
            "x": 0.0,
            "y": 0.7599999904632568,
            "z": 0.0
        }
    }
}