{
    "ColliderSize": {
        "x": 1.600000023841858,
        "y": 4.110000133514404,
        "z": -1.1200000047683716
    }
}