{
    "ColliderSize": {
        "x": 1.7799999713897705,
        "y": 1.8899999856948853,
        "z": 1.0299999713897705
    }
}