{
    "ColliderSize": {
        "x": 1.600000023841858,
        "y": 4.449999809265137,
        "z": -1.1200000047683716
    }
}