{
    "ColliderSize": {
        "x": 1.2100000381469727,
        "y": 1.8899999856948853,
        "z": -0.8299999833106995
    }
}