{
    "ColliderSize": {
        "x": 1.600000023841858,
        "y": 4.519999980926514,
        "z": -1.1200000047683716
    }
}