{
    "name": "ChageEffect",
    "particles": [
        {
            "blendMode": 2,
            "colorMode": 2,
            "colorVariation": 0.28999999165534973,
            "emitType": 2,
            "emitters": [
                {
                    "count": 5,
                    "frequency": 0.25999999046325684,
                    "rotationParm": {
                        "initialRotation": [
                            0.0,
                            0.0,
                            0.0
                        ],
                        "randomizeInitialRotation": true,
                        "rotateContinuously": false,
                        "rotationSpeed": [
                            0.0,
                            0.0,
                            0.0
                        ],
                        "useRotation": true
                    },
                    "shape": 1,
                    "transform": {
                        "rotate": [
                            0.0,
                            0.0,
                            0.0
                        ],
                        "scale": [
                            1.0,
                            1.0,
                            1.0
                        ],
                        "translate": [
                            0.0,
                            0.0,
                            0.0
                        ]
                    }
                }
            ],
            "fixedMaxScale": [
                1.0,
                1.0,
                1.0
            ],
            "flyToEmitter": true,
            "isBillboard": true,
            "isRandomLifeTime": true,
            "isStatic": false,
            "lifeTime": 0.5541850924491882,
            "maxLifeTime": 0.7300000190734863,
            "minLifeTime": 0.49000000953674316,
            "model": "plane.obj",
            "name": "",
            "randomScaleMax": [
                0.27000001072883606,
                4.269999980926514,
                6.0
            ],
            "randomScaleMin": [
                0.27000001072883606,
                1.0,
                1.0
            ],
            "selectedColor": [
                1.0,
                0.09266406297683716,
                0.09266406297683716,
                1.0
            ],
            "texture": "particle.png",
            "useRandomScale": false,
            "useRotation": false
        }
    ]
}