{
    "name": "hitParticle",
    "particles": [
        {
            "blendMode": 3,
            "colorMode": 2,
            "colorVariation": 0.5799999833106995,
            "emitType": 0,
            "emitters": [
                {
                    "count": 43,
                    "frequency": 0.8899999856948853,
                    "rotationParm": {
                        "initialRotation": [
                            0.0,
                            0.0,
                            0.0
                        ],
                        "randomizeInitialRotation": true,
                        "rotateContinuously": false,
                        "rotationSpeed": [
                            0.0,
                            4.400000095367432,
                            4.699999809265137
                        ],
                        "useRotation": true
                    },
                    "shape": 1,
                    "transform": {
                        "rotate": [
                            0.0,
                            0.0,
                            0.0
                        ],
                        "scale": [
                            1.0,
                            1.0,
                            1.0
                        ],
                        "translate": [
                            0.0,
                            2.119999885559082,
                            0.0
                        ]
                    }
                }
            ],
            "fixedMaxScale": [
                1.0,
                1.0,
                1.0
            ],
            "isBillboard": true,
            "isRandomLifeTime": true,
            "isStatic": true,
            "lifeTime": 2.548727512359619,
            "maxLifeTime": 3.130000114440918,
            "minLifeTime": 1.0,
            "model": "plane.obj",
            "name": "",
            "randomScaleMax": [
                0.5,
                8.029999732971191,
                6.0
            ],
            "randomScaleMin": [
                0.17000000178813934,
                2.369999885559082,
                1.0
            ],
            "selectedColor": [
                0.0,
                0.7181466817855835,
                0.610008716583252,
                1.0
            ],
            "texture": "particle.png",
            "useRandomScale": true,
            "useRotation": true
        }
    ]
}