{
    "name": "JettEffect",
    "particles": [
        {
            "blendMode": 2,
            "colorMode": 1,
            "colorVariation": 0.10000000149011612,
            "emitType": 2,
            "emitters": [
                {
                    "count": 2,
                    "frequency": 0.5,
                    "rotationParm": {
                        "initialRotation": [
                            0.0,
                            0.0,
                            0.0
                        ],
                        "randomizeInitialRotation": true,
                        "rotateContinuously": true,
                        "rotationSpeed": [
                            1.0,
                            0.0,
                            0.0
                        ],
                        "useRotation": true
                    },
                    "shape": 1,
                    "transform": {
                        "rotate": [
                            0.0,
                            0.0,
                            0.0
                        ],
                        "scale": [
                            1.0,
                            1.0,
                            -2.799999952316284
                        ],
                        "translate": [
                            -2.819999933242798,
                            0.0,
                            1.0
                        ]
                    }
                }
            ],
            "fixedMaxScale": [
                1.0,
                1.0,
                1.0
            ],
            "flyToEmitter": false,
            "isBillboard": true,
            "isRandomLifeTime": true,
            "isStatic": true,
            "lifeTime": 0.10000000149011612,
            "maxLifeTime": 0.10000000149011612,
            "minLifeTime": 0.10000000149011612,
            "model": "plane.obj",
            "name": "",
            "randomScaleMax": [
                0.8399999737739563,
                1.2999999523162842,
                6.0
            ],
            "randomScaleMin": [
                0.6399999856948853,
                0.6800000071525574,
                1.0
            ],
            "selectedColor": [
                0.13532894849777222,
                0.6680798530578613,
                0.6872587203979492,
                1.0
            ],
            "texture": "particle.png",
            "useRandomScale": true,
            "useRotation": true
        }
    ]
}