{
    "name": "reloadParticle",
    "particles": [
        {
            "blendMode": 2,
            "colorMode": 2,
            "colorVariation": 0.27000001072883606,
            "emitType": 0,
            "emitters": [
                {
                    "count": 37,
                    "frequency": 0.17000000178813934,
                    "rotationParm": {
                        "initialRotation": [
                            0.0,
                            0.0,
                            0.0
                        ],
                        "randomizeInitialRotation": true,
                        "rotateContinuously": true,
                        "rotationSpeed": [
                            0.0,
                            1.899999976158142,
                            1.2999999523162842
                        ],
                        "useRotation": true
                    },
                    "shape": 1,
                    "transform": {
                        "rotate": [
                            0.0,
                            0.0,
                            0.0
                        ],
                        "scale": [
                            0.20000000298023224,
                            0.25999999046325684,
                            0.2800000011920929
                        ],
                        "translate": [
                            0.0,
                            0.0,
                            0.0
                        ]
                    }
                }
            ],
            "fixedMaxScale": [
                1.0,
                1.0,
                1.0
            ],
            "flyToEmitter": true,
            "isBillboard": true,
            "isRandomLifeTime": false,
            "isStatic": false,
            "lifeTime": 0.7960000038146973,
            "maxLifeTime": 2.319999933242798,
            "minLifeTime": 1.0,
            "model": "plane.obj",
            "name": "",
            "randomScaleMax": [
                0.2800000011920929,
                1.899999976158142,
                5.340000152587891
            ],
            "randomScaleMin": [
                0.10000000149011612,
                0.4099999964237213,
                1.0
            ],
            "selectedColor": [
                0.8725868463516235,
                0.0,
                0.0,
                1.0
            ],
            "texture": "ring.png",
            "useRandomScale": true,
            "useRotation": true
        },
        {
            "blendMode": 2,
            "colorMode": 2,
            "colorVariation": 0.10000000149011612,
            "emitType": 0,
            "emitters": [
                {
                    "count": 52,
                    "frequency": 0.5,
                    "rotationParm": {
                        "initialRotation": [
                            0.0,
                            0.0,
                            0.0
                        ],
                        "randomizeInitialRotation": true,
                        "rotateContinuously": true,
                        "rotationSpeed": [
                            0.0,
                            0.0,
                            0.30000001192092896
                        ],
                        "useRotation": true
                    },
                    "shape": 1,
                    "transform": {
                        "rotate": [
                            0.0,
                            0.0,
                            0.0
                        ],
                        "scale": [
                            1.0,
                            1.0,
                            1.0
                        ],
                        "translate": [
                            0.0,
                            0.0,
                            0.0
                        ]
                    }
                },
                {
                    "count": 10,
                    "frequency": 0.5,
                    "rotationParm": {
                        "initialRotation": [
                            0.0,
                            0.0,
                            0.0
                        ],
                        "randomizeInitialRotation": true,
                        "rotateContinuously": false,
                        "rotationSpeed": [
                            0.0,
                            0.0,
                            0.0
                        ],
                        "useRotation": true
                    },
                    "shape": 1,
                    "transform": {
                        "rotate": [
                            0.0,
                            0.0,
                            0.0
                        ],
                        "scale": [
                            1.0,
                            1.0,
                            1.0
                        ],
                        "translate": [
                            0.0,
                            0.0,
                            0.0
                        ]
                    }
                }
            ],
            "fixedMaxScale": [
                1.0,
                1.0,
                1.0
            ],
            "flyToEmitter": true,
            "isBillboard": true,
            "isRandomLifeTime": true,
            "isStatic": false,
            "lifeTime": 0.5067457556724548,
            "maxLifeTime": 0.75,
            "minLifeTime": 0.4300000071525574,
            "model": "plane.obj",
            "name": "",
            "randomScaleMax": [
                0.25999999046325684,
                4.400000095367432,
                6.0
            ],
            "randomScaleMin": [
                0.019999999552965164,
                0.1899999976158142,
                1.0
            ],
            "selectedColor": [
                0.11583010107278824,
                0.7970365285873413,
                0.8571428656578064,
                1.0
            ],
            "texture": "flower.png",
            "useRandomScale": true,
            "useRotation": true
        },
        {
            "blendMode": 2,
            "colorMode": 0,
            "colorVariation": 0.10000000149011612,
            "emitType": 1,
            "emitters": [],
            "fixedMaxScale": [
                1.0,
                1.0,
                1.0
            ],
            "flyToEmitter": false,
            "isBillboard": true,
            "isRandomLifeTime": true,
            "isStatic": false,
            "lifeTime": 1.0,
            "maxLifeTime": 3.0,
            "minLifeTime": 1.0,
            "model": "plane.obj",
            "name": "",
            "randomScaleMax": [
                6.0,
                6.0,
                6.0
            ],
            "randomScaleMin": [
                1.0,
                1.0,
                1.0
            ],
            "selectedColor": [
                1.0,
                1.0,
                1.0,
                1.0
            ],
            "texture": "particle.png",
            "useRandomScale": false,
            "useRotation": false
        }
    ]
}