{
    "name": "shootEffect",
    "particles": [
        {
            "blendMode": 2,
            "colorMode": 2,
            "colorVariation": 0.2199999988079071,
            "emitType": 0,
            "emitters": [
                {
                    "count": 10,
                    "frequency": 0.0,
                    "rotationParm": {
                        "initialRotation": [
                            0.0,
                            0.0,
                            0.0
                        ],
                        "randomizeInitialRotation": true,
                        "rotateContinuously": false,
                        "rotationSpeed": [
                            0.0,
                            1.2000000476837158,
                            0.30000001192092896
                        ],
                        "useRotation": true
                    },
                    "shape": 1,
                    "transform": {
                        "rotate": [
                            0.0,
                            0.0,
                            0.0
                        ],
                        "scale": [
                            1.0,
                            1.0,
                            1.0
                        ],
                        "translate": [
                            -6.345789432525635,
                            6.2864789962768555,
                            1.0
                        ]
                    }
                }
            ],
            "fixedMaxScale": [
                1.0,
                1.0,
                1.0
            ],
            "isBillboard": true,
            "isRandomLifeTime": false,
            "isStatic": true,
            "lifeTime": 0.21699999272823334,
            "maxLifeTime": 3.0,
            "minLifeTime": 0.10000000149011612,
            "model": "plane.obj",
            "name": "",
            "randomScaleMax": [
                1.3200000524520874,
                4.699999809265137,
                1.0
            ],
            "randomScaleMin": [
                0.9800000190734863,
                2.9800000190734863,
                1.0
            ],
            "selectedColor": [
                0.8803088665008545,
                0.2692198157310486,
                0.08497187495231628,
                1.0
            ],
            "texture": "particle.png",
            "useRandomScale": true,
            "useRotation": true
        }
    ]
}