{
    "color": {
        "w": 1.0,
        "x": 1.0,
        "y": 1.0,
        "z": 1.0
    },
    "direction": {
        "x": -1.0,
        "y": -1.0,
        "z": 0.0010000000474974513
    },
    "intensity": 0.10100000351667404,
    "sceneName": ""
}