{
    "ColliderSize": {
        "x": 1.3600000143051147,
        "y": 1.600000023841858,
        "z": 0.6899999976158142
    }
}