{
    "ColliderSize": {
        "x": 1.3600000143051147,
        "y": 3.9000000953674316,
        "z": 1.2400000095367432
    }
}