{
    "ColliderSize": {
        "x": 1.2400000095367432,
        "y": 1.7599999904632568,
        "z": 0.6000000238418579
    }
}