{
    "ColliderSize": {
        "x": 2.0,
        "y": 1.3799999952316284,
        "z": 2.2100000381469727
    }
}